{"cameraMode":{"drawMode":0,"name":"Shaded","section":"Shading Mode"},"sceneLighting":false,"audioPlay":false,"sceneViewState":{"m_AlwaysRefresh":false,"showFog":true,"showSkybox":true,"showFlares":true,"showImageEffects":true,"showParticleSystems":true,"showVisualEffectGraphs":true,"m_FxEnabled":false},"in2DMode":false,"pivot":{"x":4.731823921203613,"y":2.2852511405944826,"z":6.795988082885742},"rotation":{"x":0.29492396116256716,"y":0.011465913616120816,"z":-0.00353923044167459,"w":0.9554459452629089},"size":1.410064458847046,"orthographic":false}