{"cameraMode":{"drawMode":0,"name":"Shaded","section":"Shading Mode"},"sceneLighting":false,"audioPlay":false,"sceneViewState":{"m_AlwaysRefresh":false,"showFog":true,"showSkybox":true,"showFlares":true,"showImageEffects":true,"showParticleSystems":true,"showVisualEffectGraphs":true,"m_FxEnabled":false},"in2DMode":false,"pivot":{"x":10.333725929260254,"y":2.1558947563171388,"z":30.299999237060548},"rotation":{"x":0.19596023857593537,"y":-0.2484360635280609,"z":0.05139613896608353,"w":0.9472272992134094},"size":2.4051876068115236,"orthographic":false}