{"cameraMode":{"drawMode":0,"name":"Shaded","section":"Shading Mode"},"sceneLighting":false,"audioPlay":false,"sceneViewState":{"m_AlwaysRefresh":false,"showFog":true,"showSkybox":true,"showFlares":true,"showImageEffects":true,"showParticleSystems":true,"showVisualEffectGraphs":true,"m_FxEnabled":false},"in2DMode":false,"pivot":{"x":4.605328559875488,"y":2.2678864002227785,"z":4.517271995544434},"rotation":{"x":0.023994768038392068,"y":0.015596503391861916,"z":-0.00037389216595329344,"w":0.9995940923690796},"size":7.1541337966918949,"orthographic":true}