{"cameraMode":{"drawMode":0,"name":"Shaded","section":"Shading Mode"},"sceneLighting":false,"audioPlay":false,"sceneViewState":{"m_AlwaysRefresh":false,"showFog":true,"showSkybox":true,"showFlares":true,"showImageEffects":true,"showParticleSystems":true,"showVisualEffectGraphs":true,"m_FxEnabled":false},"in2DMode":false,"pivot":{"x":5.342628479003906,"y":1.6834014654159547,"z":27.886611938476564},"rotation":{"x":0.050676990300416949,"y":-0.5336093902587891,"z":0.03205504268407822,"w":0.8436034917831421},"size":0.9579176306724548,"orthographic":false}