{"cameraMode":{"drawMode":0,"name":"Shaded","section":"Shading Mode"},"sceneLighting":false,"audioPlay":false,"sceneViewState":{"m_AlwaysRefresh":false,"showFog":true,"showSkybox":true,"showFlares":true,"showImageEffects":true,"showParticleSystems":true,"showVisualEffectGraphs":true,"m_FxEnabled":false},"in2DMode":false,"pivot":{"x":3.83685302734375,"y":0.034518785774707797,"z":3.476613759994507},"rotation":{"x":0.022120220586657525,"y":0.4144722819328308,"z":-0.010077056474983693,"w":0.9097433686256409},"size":1.5065943002700806,"orthographic":false}