{"cameraMode":{"drawMode":0,"name":"Shaded","section":"Shading Mode"},"sceneLighting":false,"audioPlay":false,"sceneViewState":{"m_AlwaysRefresh":false,"showFog":true,"showSkybox":true,"showFlares":true,"showImageEffects":true,"showParticleSystems":true,"showVisualEffectGraphs":true,"m_FxEnabled":false},"in2DMode":false,"pivot":{"x":20.5403995513916,"y":-1.2411686182022095,"z":-2.8893179893493654},"rotation":{"x":0.028432641178369523,"y":0.6898382306098938,"z":-0.027130434289574624,"w":0.7229069471359253},"size":12.121448516845704,"orthographic":false}