{"cameraMode":{"drawMode":0,"name":"Shaded","section":"Shading Mode"},"sceneLighting":false,"audioPlay":false,"sceneViewState":{"m_AlwaysRefresh":false,"showFog":true,"showSkybox":false,"showFlares":true,"showImageEffects":true,"showParticleSystems":true,"showVisualEffectGraphs":true,"m_FxEnabled":false},"in2DMode":false,"pivot":{"x":3.204770088195801,"y":0.029999999329447748,"z":8.844535827636719},"rotation":{"x":0.1755000501871109,"y":-0.07964764535427094,"z":0.0142465615645051,"w":0.9811496138572693},"size":0.035355135798454288,"orthographic":false}