{"cameraMode":{"drawMode":0,"name":"Shaded","section":"Shading Mode"},"sceneLighting":false,"audioPlay":false,"sceneViewState":{"m_AlwaysRefresh":false,"showFog":true,"showSkybox":false,"showFlares":true,"showImageEffects":true,"showParticleSystems":true,"showVisualEffectGraphs":true,"m_FxEnabled":false},"in2DMode":false,"pivot":{"x":17.719518661499025,"y":0.4300000071525574,"z":15.647653579711914},"rotation":{"x":0.29492396116256716,"y":0.011465913616120816,"z":-0.00353923044167459,"w":0.9554459452629089},"size":0.03535480052232742,"orthographic":false}